{
    "rmse": 0.7738477032957763,
    "mae": 0.6194806964797235,
    "r2": 0.21713125568515623
}