{
    "rmse": 0.8602901859169271,
    "mae": 0.6518482448536947,
    "r2": 0.0527430867158839
}